row_id,f_0,f_1,f_2,f_3,f_4,f_5,f_6,f_7,f_8,f_9,f_10,f_11,f_12,f_13,f_14,f_15,will_churn
0,,10.275863099315808,40.256093704796356,,-12.079292220728348,,37.63058194391115,2.1045941313582577,116.40739361902293,-94.8659718600175,,cat_1,cat_1,cat_0,39.98445471786937,-12.729042034226355,1
2,1.968943521895009,4.797465037735791,40.125560029803175,1.4854626991798747,-55.00716382197312,-14.19781395978464,10.268815965386418,5.253032604936637,31.466802048066185,,cat_1,cat_2,cat_2,cat_1,41.08441564380314,-45.19988169702555,0
3,6.434544329340718,17.819227084487952,36.40535029249757,10.897888194699593,-36.46435537883189,-16.08174002818754,5.8733515511655785,3.6082763562624276,84.37471289946721,-88.20708213171137,,cat_1,cat_0,cat_1,36.372298725226216,-30.666660957264046,0
5,4.944757370275741,4.4322802385546565,43.12783455464629,5.270369176160431,-24.779845948907273,,35.43284973680073,4.461384735308945,28.587459960915112,,cat_1,cat_1,cat_2,,42.13357545208876,-26.441994576791043,1
6,5.611534732766091,4.6430796994084504,,6.003278894647601,7.225549446103614,-27.13410629615123,4.225052395832762,0.06837931860635318,84.7346306603611,,cat_1,cat_1,cat_0,cat_1,,19.39080398389377,0
8,2.4127587729966966,7.481479748103125,40.451894217286124,,15.099892757574551,-27.573689045445242,17.741105469561848,3.0967111826750524,90.85323259555713,-72.73693427807089,cat_1,cat_0,cat_1,cat_1,39.87772034114193,4.39718998422625,0
9,13.872722642967373,,16.89056588101732,8.393743432776105,-87.01255921698402,-5.782944187585009,-2.368144225498499,5.296253417911676,18.149844894992462,-88.54338969374703,cat_1,cat_0,cat_1,cat_1,,-92.52863328161537,0
10,3.8097999908186284,,20.023374080853614,9.69801215636878,-63.643540357134796,-24.371014729160308,4.994258668321409,5.782768721021579,119.28673570617401,-75.62917931157759,cat_3,cat_1,cat_1,cat_2,18.718966512430377,-67.78299776078704,1
13,0.7899645111465353,9.854246981138678,33.729409955137406,8.908222667009884,17.38599242864676,-26.82011861808408,,22.774942108498923,105.96977855310028,-69.57564319493567,cat_0,cat_1,cat_1,cat_0,32.639982665640524,13.274487389207966,0
14,12.015028253726438,14.615532659169546,27.92066141794094,34.59486316043133,-65.42161787907983,-16.270132635027828,41.03706686493231,4.746718042791199,133.68344614192938,-75.4273947743562,cat_0,cat_0,cat_2,cat_0,30.158129517047332,-63.190126978410255,0
15,23.661400974854327,4.360337385827839,43.38890190463265,17.656006823150964,5.193460849594999,-14.26061149539807,5.323918499387972,4.261841328515424,75.73668663801398,-70.248258319007,cat_0,cat_0,cat_1,cat_0,43.88233528047899,13.543179821722527,0
16,5.1139235194884956,7.797477017323646,38.7549564423748,,-16.651491562872764,-16.646917848708412,29.279199556891555,12.706336109988749,100.9309299005859,,cat_1,,cat_1,cat_1,36.63256197814265,,0
17,8.026021973026861,5.719263367726305,,2.956554457019311,-36.97237752795905,-19.158819273245612,4.554712226899325,0.2899775605080763,96.61191676985928,-93.65526463668911,,cat_1,cat_1,cat_1,21.79158660776115,-32.0564758128275,0
18,0.5945496217508268,10.80830345410869,19.566506218377487,2.4647036444723254,,-5.343361438290998,31.916478205424056,11.754633046338355,-7.764233889367226,-92.10824985132506,cat_3,cat_2,cat_1,cat_2,20.72178768523673,-29.570925947066726,1
20,10.560641606310892,11.44092238815965,30.270267567818166,6.838315508592526,-33.670233558632525,-12.753470640675747,17.960878690272892,18.64007508862368,37.585403983262225,-90.89754262799667,cat_1,cat_1,cat_0,cat_2,,-40.178735713875426,0
21,20.33087904507051,27.74998224470901,26.288990480526202,,-71.26387259404214,-26.129345726336354,31.80659159506854,,113.16813377097797,-75.49465628676333,cat_0,cat_0,cat_0,cat_1,24.891430966483725,-67.31121308793195,0
22,6.646274310718784,9.814746029568358,22.829848093206962,12.169950091746024,-81.17030450202171,-17.588880882909862,8.840290030764645,8.355499392411303,59.180469636895296,-68.76850504605008,cat_2,cat_1,cat_0,cat_1,21.1853025799272,-87.95125554390816,1
23,0.49030301988490965,12.144536441416971,18.06536895595593,2.856356803188598,-50.688975554392286,-5.657349116358148,42.24581957884304,3.2044251600678018,-4.884891802216149,-83.90234533765489,cat_1,cat_1,cat_0,cat_1,19.480555151973032,-44.592724365033604,0
24,2.3898592321324656,8.735163248381763,38.49388909238844,0.860772902157717,17.13198135408318,-25.43857283458862,10.818249017164025,8.18706250612232,107.7693673575697,-94.19335673594617,cat_0,cat_2,cat_1,cat_0,38.24743253322448,20.96179647223758,1
25,2.5518162161286964,6.712112528097164,32.4893400427022,0.3229149392669874,,-7.604072720374482,39.38876770959949,13.127468176027362,-5.604727324003919,-96.00941757093875,cat_0,cat_2,cat_2,cat_1,33.24204613119143,18.159166783836536,0
28,0.5248728443557663,10.969307149320647,42.93203404215652,6.552659178133703,13.067804161065922,-28.641247150873554,6.532671213298704,1.252287683489385,67.09866037656076,-89.48505086744689,cat_1,cat_2,cat_0,cat_2,44.463581805439624,11.476921793669092,0
29,5.011914620634474,7.75098197396734,23.939384330648984,1.6326781322965407,8.495604818921521,-25.75256051265577,20.15861089738331,2.744809406029124,100.21109437879812,-81.81723845303378,,,cat_0,cat_0,22.783233200608688,11.297317328584219,0
30,9.763398983602565,5.923439222861357,40.06029319230659,5.438351753483241,-58.309307791299645,-16.39572770625469,11.47756867929715,8.699991581522173,126.12517316315783,-89.41778935503976,cat_0,cat_0,cat_2,cat_0,39.843278168536486,-58.36470068114449,0
31,7.372360006537946,10.756301859123761,19.37070570588772,,-77.6141494581316,-22.801076338824558,22.686002935560293,6.675090836144156,109.92887392293301,-74.55299511306347,cat_0,cat_0,cat_1,cat_1,17.38288463376293,-75.19151096996696,0
32,,4.021388752434794,43.19310139214288,6.694533006505203,4.6854387004678415,,0.04936120232296348,2.302928123546655,33.98622637432338,-76.70536351009171,cat_1,cat_2,cat_2,cat_1,43.78639520828157,,0
33,9.628068627554343,5.9063008636132635,41.561430454728146,6.599741507412782,15.35390383213813,-17.84007102536358,22.905776156271333,0.7464664452810915,125.76525540226393,-70.98813495548545,,cat_2,cat_2,cat_1,41.76256584864517,,0
34,1.2951357882937657,4.746283242612806,37.97175439241572,3.61393236738661,-5.983026431202475,-27.699284116672104,42.135932968487516,4.222346455425658,130.08426853299054,,cat_0,cat_0,cat_1,cat_1,37.810787941769135,0.025797255723933432,0
35,4.845261098491237,5.702378184616738,16.76003220602414,9.888868504235338,-79.13821590551308,-22.235898518303685,9.27983647218673,49.656733068504906,74.65693335533234,-72.26610369122096,cat_0,cat_2,cat_1,cat_1,,-76.8061940709547,1
36,1.2370969933108118,6.865449012969664,41.75723096721791,12.995663377173331,-35.448311080577575,-16.89810799116213,26.86169412907009,,,-71.39170402992825,cat_2,cat_1,cat_2,cat_2,41.13021714333191,-48.62422172262547,0
37,2.7418100172835547,7.164450116734496,33.27254209266128,0.0382385791161537,9.7656601917394,,,2.2696330365914323,-0.9257964323834207,-80.67379274211254,cat_3,cat_2,cat_2,cat_2,33.263128611502026,-9.7708537294019,1
38,12.613863514082475,14.294032161126426,31.445070642756775,,-75.07403871249582,-15.13977699398609,36.751489061066984,14.206241617670074,62.41972948494025,-69.77742773215707,cat_3,cat_1,,cat_2,28.93724105103865,-72.3468961901054,0
39,4.010356138520669,7.143998589777573,33.33780893015787,,-76.59810515987729,-30.713565826116746,5.433805109743494,15.08771504446374,,-82.28806903988371,cat_3,cat_1,cat_2,cat_2,,-85.63388583818539,0
40,0.170451092154585,7.267928363211835,16.82529904352073,,-80.66228235289455,-25.25018022774833,37.410808723200105,9.421710724928603,103.45035422684309,-91.70468077688227,cat_3,cat_1,cat_1,cat_2,17.280177065708646,-91.99597888100338,0
42,7.136935371978078,10.507634553611132,20.806576130812687,14.465811827733948,-79.90024912920381,-19.975187236220204,36.42182923000043,,100.57101213969202,-84.44043743691195,cat_0,cat_1,cat_1,,21.961429928118854,-78.98047382779232,0
43,9.174751189449587,3.6195325187006864,37.44961969244301,28.02871795973591,16.623959204956023,-8.357643147735644,24.773848532315196,0.4306857410795151,41.904417113988835,-79.86665459322694,cat_0,,cat_2,cat_0,39.56583437033863,,0
46,9.430040865394473,8.507409512842777,39.66869216732705,7.5877582994723,-78.12217160725876,-12.565078033835459,,,37.94532174415611,,cat_1,cat_0,cat_1,cat_2,41.332689897916396,-70.1940396271393,1
47,1.275733877104363,8.087241834459965,26.419524155519383,29.942326633326797,2.399339029395634,-23.680241837412577,41.366726695998864,1.4982783865718592,84.01479513857333,-92.84812648780351,cat_3,cat_2,cat_1,cat_2,26.087914522849815,12.489422856818686,0
48,3.037248651711323,6.983126697742766,,12.01219561935006,-16.397480488309185,-22.047505911463396,33.894437191823435,,73.57718007265066,-72.93871881529229,cat_3,cat_1,cat_1,cat_2,22.17143581209237,-12.984475525190913,0
49,3.753578716100285,6.452318411227585,31.379803805260185,13.433744024989611,-32.14616711125106,-9.676391395617674,40.267860592443654,8.99520127008994,-2.005549715065073,,cat_3,,,cat_2,31.636546149283113,-32.46841187926459,1
50,1.1224991877533987,7.459701568523321,40.71296156727248,13.523556918742102,-8.523137176838247,,23.235435987337898,,24.988282351976267,-86.12197524709026,cat_3,cat_1,cat_2,cat_2,42.492099213047155,-15.280129677554555,0
53,3.9524421596915826,,31.640871155246543,2.0868968325326036,-68.46975077384278,-17.965666096590443,38.61956143711084,5.919121543865122,76.81643992069563,-73.94764150139929,cat_0,cat_0,cat_2,cat_0,,-62.769548903775295,1
54,1.452397444114536,13.04327531690132,41.8224978047145,2.056007587152033,10.781704489993714,,29.938519219024677,1.6547494245638268,31.82671980896007,-95.53858698408882,cat_1,,cat_0,cat_1,42.35001458196532,7.738125749256472,0
55,8.295356229023508,12.474741445343993,,,-10.301214698783298,-29.018032364554134,41.80627313742095,7.174233080276341,120.00657122796179,-70.38278134382125,,cat_0,cat_2,cat_2,41.634712307970936,-19.88946809540478,0
56,11.206161657441791,,34.9694798675726,8.849819945386026,-9.285170400528983,-26.945713689310942,12.136888341430277,19.064327362226887,55.221374267062565,-73.34228788973509,cat_3,cat_1,cat_0,cat_2,35.72771771152395,-21.770704869451627,0
58,7.973424373287425,8.162841110909412,,,-31.638144962123896,-27.259701367378092,30.92749871222437,9.359799753389138,92.29290363913266,-69.10481260808574,cat_3,cat_3,cat_1,cat_2,27.5315890667857,-27.325405525337775,0
61,,13.734084301271379,35.29581405505556,7.281646545419818,-9.031159325965419,-26.19214326194978,42.46559279955408,9.236972819204976,117.48714690170459,-75.69644082398473,cat_3,cat_2,cat_0,,37.79331232988062,-11.586706544552534,0
62,8.350540624250616,3.209607678644353,32.81567423018515,1.2540561716990593,-57.54727456760891,-10.932342107886274,18.620198352406018,19.504900980732263,30.387048765384534,-82.48985357710511,cat_0,cat_3,cat_2,cat_1,32.22038639338827,-56.87501288727797,0
65,2.9125699307277646,8.794238278001773,41.953031479707676,1.0556056419220003,-26.30391239628875,-11.183532250339994,27.191353960136656,20.938457269722512,35.7858151787928,,cat_3,cat_0,cat_2,cat_2,45.23516112295422,-21.467212382153505,1
66,9.971635950119703,,42.409899342183806,5.870235623172268,-4.9669821329481465,-30.650768290503315,34.773530074667605,24.963193615624693,116.76731137991682,-70.92087344307832,cat_0,cat_1,cat_0,cat_0,38.89330291086316,-7.807254021855503,0
70,1.0284689089260215,7.988489811570813,,19.697942424778226,9.511649117175821,-28.766842222100415,28.070446842980825,,122.52599555421898,-78.58868585749143,cat_1,cat_3,cat_1,cat_1,40.75120956455355,,1
72,1.7575459813376508,4.175597049801017,25.96265629304326,2.7900764576657244,-40.52853257184915,-8.546035754575932,,,31.106884287172306,-76.23453292324179,cat_3,cat_1,,cat_2,26.917092279506047,-37.653755797876784,0
73,2.435736469441972,6.75008651016143,26.223723643029615,1.0275539946842032,-12.841325444419084,-5.029373760223848,17.85099207991737,6.626352456867322,16.350256090523036,-81.41366937859098,cat_1,cat_2,cat_2,cat_2,27.351826795604424,-0.7589502640118511,0
75,3.1899763774604564,2.511226190747183,34.44734516759989,16.287110754261636,16.8779702795196,-23.36625415934543,39.82831415102157,11.1614389008813,61.69989396315249,-88.61065120615417,cat_0,cat_1,cat_2,cat_1,33.86312657584698,13.237090744439099,0
76,0.42169138378209897,8.591281415184117,,22.429926500101555,12.305770937375186,-21.607923162169385,31.36704515364645,5.559060401397065,110.28879168382689,-93.25169556224631,cat_0,cat_3,cat_1,cat_1,27.837763743849486,14.400702569251532,1
78,2.012031403517702,9.54988036853979,,18.483853110249225,-34.17825570775968,-20.728757663581366,37.74046855426668,6.577820596766057,79.33586424695284,-93.18443404983918,cat_3,cat_2,cat_1,cat_2,22.76577070165137,-30.06391749340789,0
80,17.024430294177506,18.886888976107816,31.83667166773631,,-64.15156250626194,-17.08650059800242,14.993940210673824,0.34605356895746087,124.68550211958228,-95.94215605853161,,cat_0,cat_1,cat_1,35.014853260444774,,0
82,2.5988143722457866,4.118536665803363,37.31908601744983,19.53842197890467,,-27.008511224924373,28.72976650511395,54.8335455180772,115.32764033634128,-93.31895707465344,cat_3,cat_3,cat_2,cat_2,41.503711828655085,0.2600352935033501,0
83,13.748043921983818,6.655577661024633,41.887764642211096,6.1379992262844,11.543737713684465,-15.830549885733822,33.34500414004583,4.997077778094141,23.908529069294616,-95.47132547168168,cat_3,cat_0,,cat_2,39.38242166434601,2.0375157272769187,0
85,,8.452459769742097,37.90648755491914,3.2284335745331707,5.701482998722156,,3.2360729026330723,4.705518351435227,32.18663756985395,-84.10412987487629,cat_3,cat_1,cat_1,cat_2,38.430943516768615,,0
87,6.351682255360654,5.736166109087253,22.503513905724013,0.4814494375879959,-81.42431557658529,-22.61268373198427,38.9492212681774,3.7587350302136304,74.29701559443845,-80.53926971729827,cat_1,cat_1,cat_1,cat_1,20.5410135913855,-76.77065455667935,0
88,,8.479840387761408,23.808850655655807,7.181527111042564,-60.84941853693543,-18.656438988338174,28.94953972582499,0.5159479351685761,61.33997620225861,-93.38621858706058,cat_3,cat_2,cat_1,cat_2,24.788871294145647,-65.95355226540536,1
89,9.901505539694575,3.5254515295751245,35.034746705069196,15.718483496359363,-4.458959983820989,-18.154058703430735,-3.1373504979871463,25.206894338038364,78.61602872516505,-80.94283879174107,,cat_0,cat_2,cat_2,35.050690280961675,-4.032074647411936,1
94,,11.773900228588017,40.5824278922793,6.742245904774957,17.640003503210337,-9.236808646323663,23.34532259769342,15.189979133184083,24.62836459108238,-92.57908043817498,cat_0,,cat_1,cat_1,37.92285211512796,14.760434654241486,1
95,3.3199506559315837,11.25614435916218,38.950756954864566,9.205121521545736,-5.475004282075318,-11.999900213314586,29.498972777602596,5.039341670504512,35.06597965700504,-91.09932716521807,cat_0,,cat_0,cat_0,38.37583852583716,-9.094772127666193,0
96,3.2157712692581746,10.14393499642244,34.12101098011694,18.200719427852523,10.019671266302979,-19.472806951312762,,,96.2519990089654,-68.70124353364295,cat_1,cat_1,cat_2,cat_1,30.601161652735872,,0
97,3.0121275086718176,7.6367849060431645,22.76458125571037,11.477700674568279,-48.14886480875651,-25.689762977042342,23.784869039115506,1.6232837403588607,140.8818013598071,-90.62849657836814,cat_3,cat_2,cat_1,cat_2,22.2332604247801,-44.60762460947583,0
99,10.795518630522269,4.556053494180606,43.7152360921156,16.056016962688552,-1.6648381636216243,-15.265372065212949,8.620516810053603,12.542125385411754,60.620140680470826,-68.23041294679302,cat_1,cat_2,,cat_1,43.27249289790789,-2.5295765867651276,0
100,5.53815571182419,8.977121917724942,23.417249630676267,,-74.56601656336866,-27.322498902991523,,24.037153977555857,73.93709783354456,-85.92019070986888,cat_0,cat_0,cat_0,cat_0,23.1442033817304,-76.85912065609408,0
101,1.1035877749721892,2.385416046641716,17.608501093479802,21.06783678168081,-68.72376184840635,-24.998990085294608,15.982919703873513,6.196795794216231,134.04336390282327,-83.7005608004335,cat_1,cat_2,cat_2,cat_1,17.745921102995737,-65.21520219434656,0
102,10.186519888266316,16.67754899260746,36.209549780007805,30.8152745944758,,-29.332020042621284,33.23511752969031,14.986355959544277,66.73874261566687,-73.81311847658502,cat_0,cat_1,cat_1,cat_0,33.770780376127426,-49.83165668992187,0
104,0.9173391473832271,4.8484097073733885,35.16528038006238,17.26495083001606,-25.795890247161594,-9.801986466844532,,41.20864221106889,37.22548622236833,-85.24757558579755,cat_1,cat_1,cat_1,cat_1,,-26.89531089476921,0
105,5.648526356177465,7.103330462109308,43.25836822963947,14.564772455706288,-11.063247922474034,-15.704954814506962,,,,-82.96068416395504,cat_0,cat_1,cat_2,cat_0,,-14.600048497151668,0
106,,2.8407462914407504,43.062567717149705,16.887699731794434,-4.204948909257411,-14.637396709078647,,,62.05981172404637,-68.83576655845721,cat_0,cat_2,cat_0,cat_0,42.045706633812706,-6.133107148588572,0
107,1.0098194274070942,4.060576277272296,35.10001354256578,11.703504949567604,-48.910898032447236,-13.758231210490628,39.16899448888845,1.5606105232549632,40.4647460704133,-73.20776486492082,cat_0,cat_1,,cat_0,36.14094411785711,-49.81537770910423,0
111,1.4325376700578025,4.660366477928275,22.634047580717194,8.064020477525748,-27.827978843670216,-7.164489971080471,36.53171584035594,10.258574545779243,-5.964645084897803,-91.83920380169653,cat_1,cat_0,cat_2,cat_1,,-28.441233504529567,1
112,,5.016883222314927,40.77822840476907,6.32030934337407,-18.175558010254235,-10.241569216138544,11.147908848230585,8.242933357628106,19.229598177674113,-84.50769894931909,cat_0,cat_1,cat_2,cat_1,40.92624269244669,-22.212289155923013,1
113,1.3145937744489535,6.923985646331636,28.964930817886376,,-82.94838202396676,-18.216856239044162,,13.387786241721452,94.0924924436021,-78.38690132027003,cat_3,cat_2,cat_2,cat_2,30.025010901204038,-90.06186493328872,0
114,0.5770627066642613,8.39825120663823,25.766855780553488,20.886685470996046,,-16.772512919935274,15.87303309351799,,136.20287046818657,-75.83096384879899,cat_1,cat_1,cat_1,cat_1,25.375474635220705,-52.06158052653545,1
115,24.222764198640796,8.318273781477894,42.01829831720427,1.3114397804889069,-24.525834874343694,-14.386206566624928,38.28990160604428,6.3857238197257224,48.023019049184875,-86.99637490838299,cat_0,cat_0,cat_1,cat_0,44.611327413239046,-31.601905088805957,1
117,15.582687844392863,5.975008582892953,37.05801866746347,17.92489324300101,4.93944977503142,-17.526083347296435,10.708362406808503,3.9496311466357463,111.00862720561466,-73.74585696417789,cat_0,cat_1,cat_0,cat_0,38.9567254013905,3.325113099252585,0
118,2.321624271106587,3.1801744624717814,42.866767204659936,9.448725719018714,1.637305805704898,-14.009421352944347,,6.921943103421053,112.8082160100841,-80.06843913044834,cat_0,cat_0,cat_2,cat_0,41.413674258854954,,0
119,9.05064705739898,8.915181325361521,29.356531842865913,3.542799516040986,-76.09008301075013,-10.995139643499705,14.334620548540698,,0.5138746111921186,-79.73213156841268,cat_0,cat_0,cat_1,cat_1,26.39263646434953,-69.96984166403678,0
120,11.122004830097362,11.378177824385043,27.790127742947764,11.32977206438862,-84.21843739678465,-12.439482962608597,39.60854093031053,30.418948359559064,123.9656665977945,-91.50289623966087,cat_0,cat_0,cat_0,cat_0,29.806158444356733,-81.85028154658603,1
121,3.087773905905925,4.378415454839701,39.40762481734069,4.506639246099588,-49.92694233070155,-13.31864846119662,32.356024646846144,0.9520476386845509,59.90030515868307,-72.60241125325663,cat_0,cat_2,cat_2,cat_0,40.95959631634057,-46.27190306488087,1
122,0.12130884094826436,5.267366213706518,20.41497510583315,1.3980970508770147,-63.897551431698375,-21.419530555329096,,20.770020383433533,141.60163688159486,-83.63329928802636,cat_0,cat_0,,cat_0,15.980157860350774,-63.96636554819757,0
123,5.429565316975116,3.774969369525301,30.074467055328395,1.282709463558603,,-28.515652079646692,,9.17604979339721,87.25405498661829,-88.2743436441185,cat_1,cat_1,cat_1,cat_2,31.251664648812937,-48.866141959410626,1
124,1.1986805779570096,5.36735306400738,25.701588943056898,16.523312002202427,,-23.9314319798663,33.454890750401354,28.96257632229311,141.96155464248875,-77.5125016589773,cat_1,cat_1,cat_2,cat_2,23.805221258705732,17.97758562305039,0
125,0.7361045557059783,10.555933783194838,22.96038176820014,26.711647985481708,-82.69437094940318,-10.492759358592263,,,16.71017385141692,-93.58800312428197,cat_0,cat_1,cat_1,,,-82.62620518418147,0
126,0.33689859388924126,3.4265653825756015,39.3423579798441,0.9160779231707069,-47.64084265962934,-30.587970754889888,29.16931294653604,17.70729809633296,107.04953183578193,,cat_0,cat_0,cat_1,cat_0,37.12985753369374,-55.4098284769885,0
127,6.069442066414921,6.113772785850692,41.16982942974861,4.781704796728161,-34.68627785688684,-15.01418192275923,12.356661562141317,12.872935437819288,79.69578200784672,-91.23385019003234,cat_1,cat_2,cat_1,cat_2,38.97182599656987,-32.51744326741739,0
128,0.507565743505159,4.949705170437983,20.54550878082633,11.627705543461783,-56.531230269354594,-26.317738333176642,24.224415480537587,14.885886000857864,91.93298587823878,-89.0814817930041,cat_3,cat_3,cat_1,cat_2,23.4235349867802,-49.86547746003271,0
133,1.5324276111405266,9.00847634512299,,12.9101615494651,-11.317258997037612,-8.483238218962502,4.444825616543804,11.233929660884764,44.42384144024602,-79.19403946915563,cat_1,cat_2,cat_2,cat_2,35.24318760390414,-14.88782047051043,1
134,4.187148577787615,6.904407573804512,27.594327230457992,2.274130902057874,-56.277219194791016,-9.04841603948337,25.76282802551488,1.8453807629882208,0.8737923720860028,-72.80419579047803,cat_0,cat_2,cat_2,,22.11139304003642,-55.84360815435831,0
135,2.0336791987713085,17.392612549705195,17.086366393507088,4.741973630295558,-52.467053076337336,-22.29869605391712,41.91615974777647,10.39292801417737,,-95.87489454612448,cat_1,cat_3,cat_2,cat_1,19.654870586875457,-60.81956682801016,0
138,1.6542853907758153,6.826747574284806,39.01602379236115,0.4018882404329286,2.907361178522777,-28.327259472806404,26.20237446693697,,,-72.19884217881383,cat_1,cat_2,cat_2,cat_1,38.20585060827842,4.016519910553412,0
139,1.9261296509112475,6.361824853382073,18.456969980935465,11.85673583897446,-84.47244847134823,-23.80583690863944,19.27951801453914,,75.3767688771201,-88.74517423096843,cat_2,cat_1,cat_2,cat_1,16.18331192938293,-77.33138067513806,0
140,9.495405053814466,5.889187141376633,25.375254755573952,,-21.22369090501718,-20.226377378673924,8.730403420409125,2.990000766242411,87.61397274751216,-70.65182739344979,cat_0,,cat_2,cat_1,23.401784491247014,-22.189049549318906,1
144,14.533297038601237,8.7645879959535,42.34463250468722,,-6.9990707294567756,-14.323409031011497,16.75212597636216,10.805711493250612,44.783759201139915,-84.03686836246916,cat_1,cat_0,cat_1,cat_1,41.08131007326755,-13.184364390750854,1
145,,,39.53815849233387,1.9028864657490203,-15.889458339182028,-10.618354429819124,12.57643478285236,32.5460600319282,12.75107848158419,-79.46308551878414,cat_3,cat_2,cat_1,cat_2,38.59027827234502,-14.274377801372056,0
147,3.9236709256340703,7.416436786915916,24.00465116814557,12.574834547378861,-82.4403598748396,-10.053176609298255,16.86201258671768,20.120001893773892,7.712229829069809,-92.31003438854646,cat_0,cat_2,cat_1,cat_1,23.98456994019755,-98.90225952800255,0
149,0.10500748062744619,3.9817267914722247,34.577878842593066,5.480763203828607,-5.220993207511725,,16.9718991970732,4.78806646981752,121.44624227153733,-68.29767445920015,cat_3,cat_3,cat_1,cat_2,32.54925293585856,0.7546667160072627,0
151,18.861495964282913,4.932870693207484,39.73395900482364,0.11512863350018943,1.3832947311413193,-29.269222507007854,7.631537316853914,5.737676135820428,57.74079859331975,,cat_1,cat_1,cat_1,cat_1,41.03186919162725,13.34891583704937,1
154,0.23653710522663512,3.2384488181695477,29.617599192852268,3.4721369679767626,-80.1542602037674,-16.960905526775562,,6.243736441259598,95.53216348717763,-89.01422028059696,cat_0,cat_2,cat_2,cat_0,31.002333889787515,-89.11820473063283,0
155,16.44700872402214,12.562822910378552,20.937109805805868,3.367011483081159,-49.67293125613798,-24.49660980038717,19.0597447938281,6.872145190857285,81.13545305142225,-69.50838168252854,cat_0,cat_0,cat_0,cat_0,21.47407433258645,-36.49588779820678,0
157,2.5051438730714106,2.312545184947592,,7.902896750663293,0.11323935832341192,-27.950474259125823,21.25747700093852,0.013643243837075048,53.78170322348702,-89.21600481781836,cat_3,cat_2,cat_2,cat_2,39.65097883866451,1.5471069239736785,0
158,24.835227922199827,11.02473799641362,41.430896779734965,14.174311809689518,-14.873414040927713,-17.400488276069574,38.070128385333234,8.076131839004638,139.08221255533766,,cat_3,cat_0,cat_2,cat_2,,-13.943291019704882,1
159,,6.183913488561807,35.361080892552145,18.628283300933795,-32.90820033494179,-14.9513843871458,1.3680005265892161,,71.05775574639348,,cat_1,,cat_1,cat_1,,-25.18278413524588,1
161,3.8380876732889724,5.651821518338137,42.80150036716334,40.49519079258323,,-13.56983860365034,33.78455058146792,10.32555427962832,51.982114419017606,-89.82135842948256,cat_1,cat_0,cat_1,cat_2,42.325265988135754,,1
164,3.372651187444735,6.415988578203204,28.37752928041707,22.853255954957046,-29.098034216488116,-26.88291615369751,19.389404624894663,,71.41767350728738,-74.6202566254706,cat_1,,cat_2,cat_2,23.298880130720853,-27.287107907932334,1
167,11.553720556323643,9.586538923681578,25.048920568091006,10.148763899248099,,-21.67072069778282,7.741423927209436,8.29907808695113,125.04541988047615,-83.83508382524776,cat_3,,cat_1,cat_2,26.198581614634502,-18.04383990047785,1
169,1.7783895228264237,10.320982996863277,31.967205342729493,3.6855418243054254,-57.03925241848175,-30.901958432957038,3.8953925647661984,2.884275383092242,57.020963071531995,-72.1315806664067,cat_0,cat_1,cat_0,cat_1,34.19106265063829,,0
171,1.6953997690761462,3.1501067705863006,17.739034768472983,10.619366336345655,-73.80398333967793,-21.921910840236535,1.1482273058781738,18.779753671527445,113.52805153187185,-72.40062671603523,cat_0,cat_0,cat_2,cat_1,16.0303763902317,-61.74472222875181,0
172,10.716312322554746,5.300690898113034,23.35198279317968,11.183863020586696,-78.8842048309495,-9.299606181937094,3.565732733699636,7.123328543829769,20.669269221249653,-82.55711508951224,cat_2,cat_0,cat_1,cat_2,25.166418035912056,-75.25358144172226,1
173,21.792256823460374,7.288876448916165,18.39170314343888,,-77.36013838356803,-7.41568011353419,41.58649991670991,0.6018496016860615,-4.165056280428381,-92.91538800021065,cat_1,cat_0,cat_1,cat_1,20.170218302754417,-79.26138687403684,1
176,9.301186051263018,2.879590122406911,35.687415080035095,5.6521123082664255,4.17741655134067,-23.743039373026008,12.906094613918924,9.800373371894514,127.20492644583948,-85.04579104857615,cat_0,,cat_2,cat_1,,8.926009478038182,0
177,6.109044877805903,7.820906569800024,41.62669729222473,32.809443987155085,-43.068643317484934,-30.273983076822734,42.02604635813199,15.397287993578624,121.08632451064344,-86.59280583394019,cat_1,cat_1,cat_0,cat_0,43.860998581795855,-48.73989814514506,0
178,34.496874966110404,6.731070539755286,33.1420084176681,1.6623661276695731,-24.271823799780115,-8.73442836141622,10.59847579645298,7.432205738974874,18.869680416780227,-75.36013326194906,cat_1,cat_0,cat_2,cat_2,31.61907175532891,-24.539233918816404,1
179,7.51767050757143,12.842437884782267,34.904213030076015,0.6153819103471478,-15.38143619005487,-18.028463632203874,40.817293644221266,9.055167385326568,69.25816694192406,-75.2256102371348,cat_3,cat_0,cat_0,,34.6596684314195,-16.617108461101154,0
180,11.826695455114578,7.939950379573902,34.512612005096486,,-39.76649934815841,-11.685912535247436,21.037703780227478,5.124340219021753,50.54244337544207,,cat_1,cat_0,cat_1,cat_2,32.57266934454301,-46.95176509759607,0
181,,10.016835922444454,38.42862225489185,21.43961936184305,-20.461657681326443,-13.821028746104059,13.67530088640757,,68.53833142013629,-90.15766599151821,cat_1,cat_0,cat_1,cat_1,40.83142181033203,-21.688120119620482,0
182,10.042504588953506,9.071979084399128,26.027923130539847,,-60.341396387808274,-17.714475954136724,11.367682068941628,7.072649249431529,63.49948276762191,-95.0677563972389,cat_0,cat_1,cat_1,cat_0,,-70.1314281904775,0
184,5.2874500976927745,7.8444599526999745,37.25381917995324,0.8057525929384379,-29.860067440178852,-30.839160897343607,27.74078701191426,28.625684333757686,45.50359472292768,-71.18991949270685,cat_3,,cat_1,cat_2,36.5801595384133,-32.732689063935894,0
185,,6.061510748665492,,4.702389616668276,-13.349347593546241,-8.860023432643082,,1.9418996081623552,8.072147589963691,-93.85704917391051,cat_0,cat_1,cat_0,cat_0,36.925011272501074,-14.062764607380531,0
186,3.8950221227300634,4.3239839968357066,20.349708268336563,41.683933838801046,-71.7718947431693,-20.163579843060496,9.38972308254225,7.328318388667145,122.88591331511284,-94.32787976076044,cat_0,cat_2,cat_1,cat_0,25.79610015835551,-66.58495108403987,1
187,2.458792856782053,,18.652770493425237,9.265504006804456,,-8.420440683349074,23.894755649471026,3.834712103822472,3.3932166983431937,-76.57084048527744,cat_0,cat_0,,cat_1,18.46371624591363,-85.3499965175411,1
188,18.112673989177914,9.698817236359439,26.680591505505742,13.256351214646752,19.16406995059181,-4.5897910109298365,7.301877485787351,4.301472862337946,1.5936278938737711,-78.72320888230568,cat_1,,cat_1,cat_2,,20.961438529710353,0
189,1.4127363071855745,,38.10228806740891,7.744166039071367,-60.59540746237185,-14.072218888557778,7.5216507064983915,10.666457475785858,,-90.83028111558954,cat_3,cat_3,cat_1,cat_2,37.45772959632592,-54.78190609502093,0
190,1.94750255306201,8.062339145833489,32.750407392688565,38.45325519095598,-40.02051042272199,-16.2073350994144,35.21307651608969,,97.69167005254094,-68.02862840957162,cat_3,cat_0,,cat_2,33.29801053964282,-42.4404086845091,1
191,15.26580777974747,9.934601068362534,24.853120055601238,2.8896517567886675,-77.86816053269519,-19.284414344472474,28.839653115469467,1.974254154668978,116.04747585812905,-94.6641873227961,cat_3,cat_1,cat_1,cat_2,24.77910359279882,-75.76550887393428,0
192,1.6748111948556075,10.41303825041256,22.895114930703553,4.200710052316004,-58.56331886586322,-26.694523546857223,39.9382007613771,19.356152112779597,114.24788705365962,-74.95656418750627,cat_3,cat_3,cat_1,,21.98348082635235,-58.987961349613336,0
193,5.217501847459311,4.538519509828532,40.90876207976225,4.9421231398938605,-43.32265439204851,-17.337690740456143,13.235754444985485,5.648020086261044,105.60986079220639,,cat_0,cat_2,cat_2,cat_1,42.373383538074926,-46.48852352158501,0
195,,,28.312262442920478,2.3372783322140434,11.035715564557293,-21.356733019715666,22.24645649413821,3.3496379051622096,95.17224572628375,-85.51662163542608,cat_1,cat_1,cat_0,cat_1,28.90381039837321,12.35176193114357,0
196,0.3200674388148124,4.7291645409941,18.19590263094911,5.228782853410933,-45.60875406312071,-7.478477649147621,0.26913442303400537,10.12577883385916,25.70811787376403,-80.404746692484,cat_0,cat_2,cat_2,cat_1,17.143471700871437,-37.797755422539716,0
198,4.5238416600382845,4.2318434371621345,34.18627781761353,1.9333356927895675,6.971538371540035,-5.21776636706414,24.663961921959668,11.089404060622618,-8.12415165026111,-77.57976317138443,cat_0,cat_0,cat_1,cat_0,34.91993054712,-0.26586314665283073,1
199,0.8080140086151346,5.770026845846874,40.19082686729976,10.482780816573921,-16.143469413745606,-16.14453756380097,34.00432380217896,,48.74285457097264,-74.822041162692,cat_0,cat_3,cat_1,cat_0,39.452613322369594,-21.18962904374023,1
200,8.809097973808738,6.50715910639238,29.030197655382963,10.550855387243756,-86.25052599329328,-30.022792934369015,40.487633813154694,9.994505169345828,142.32147240338261,-83.09520718876931,cat_0,,cat_2,cat_0,28.584061011773244,-91.30984469776054,1
201,8.079033731357896,23.54463094966509,24.787853218104647,10.757720002527728,-60.087385313244695,-12.690673105062316,25.872714635870402,18.230977963572254,42.26433487488273,-68.36493597160728,cat_0,cat_0,cat_0,cat_0,27.036501679863036,-67.5598461156991,0
202,8.406181094030257,7.438021050941017,33.598876280144225,23.991316409635893,1.8913168802684766,-19.849592164993346,30.0484058293802,8.412200012402911,44.06392367935214,-87.80351305726857,cat_0,cat_1,cat_2,cat_0,37.90193882969075,3.198564111044046,0
204,,4.6948326968841965,39.995026354809994,14.270597789412308,14.845881683010973,-26.631726011243792,12.46654817249684,37.78985221534958,49.46269009276042,-82.75889962673364,cat_1,cat_0,cat_2,cat_1,41.50424491722335,11.867549769451777,0
206,,4.467901913697261,32.619873717695384,2.5289905839380373,13.57582631019308,-25.87815558388263,27.63090040155874,16.266216510194916,136.56278822908047,-85.7856676850546,cat_3,cat_1,cat_2,cat_1,34.794662573023956,16.239557875623483,0
207,11.377698542441772,2.988381277567448,20.7413092933161,22.02272786081578,-32.65418926037822,-22.863873874437985,14.224733938185175,3.3131617538009492,138.72229479444377,-87.46720549523292,,,cat_2,cat_0,22.664750394707934,-40.717545146490906,1
212,9.365305188518173,6.7882958265936395,31.771404830239725,26.109366313700505,,-18.7192365239516,8.180970368631518,10.191984231187709,78.97594648605894,,cat_1,cat_0,cat_1,cat_1,29.231713827421537,5.610631552228679,1
213,2.8144631524562884,4.080002136700151,28.638596630403427,3.1256667109964607,-48.65688695788366,-28.578449615260123,25.54305480480384,28.298419159696902,,-84.30591441209769,cat_0,cat_0,cat_2,cat_1,30.272298604478728,,0
218,10.333683310977884,8.265811405808643,43.97630344210195,15.829814414111318,12.813793086502343,-14.700194244692078,15.213713431384864,27.369247582355907,70.33792022460572,-85.5838831478332,,cat_1,cat_0,cat_2,42.1859923526509,12.942803146258573,0
219,1.552584687644997,5.50088880564034,,9.824870280298903,-18.683580159381393,,10.049042744675377,14.786289705044695,83.29495961678555,-86.66006734634733,cat_3,cat_3,cat_0,cat_2,34.773965514581874,-24.22549210683537,1
221,,6.026822985176081,43.64996925461901,0.6423709940380327,18.656047801464652,-15.07697945837266,15.653259872806949,8.641851853396501,,-81.74997694062665,cat_3,cat_0,cat_0,cat_2,40.44012787807447,15.755314104415518,0
222,6.77658402759926,7.704960304624921,26.484790993015974,17.789604455997434,-50.18095340526513,-19.03322420201875,32.575797867557185,1.8774634221923527,106.32969631399416,-72.5351497408495,cat_0,cat_1,cat_1,cat_0,27.960974830620064,,0
224,3.1642799396877295,,37.77595387992596,24.997958420121023,-64.65958465538911,-16.8353104555487,40.15797398208814,6.1034877274724355,48.38293681007876,-75.76370233639186,cat_0,cat_0,cat_1,,36.63659930329561,-64.95015732534627,0
225,1.3733074476464806,7.89194585342294,,,-25.541879172598016,-25.061787620908042,16.64223936600664,40.25363079908616,122.16607779332509,-71.99705764159243,cat_1,cat_2,cat_1,cat_1,38.07482410938255,-25.030708802558976,0
227,5.358132726178906,,,10.018026226670784,,,-1.708824563365373,64.53807312691495,18.509762655886345,-78.1178552706415,cat_3,,cat_1,cat_2,38.38519784051237,26.939782381559205,0
228,2.7659407188275806,10.60492784318049,34.31681149260672,4.352580053008153,,,,25.71042605333858,129.72435077209664,,cat_0,cat_0,cat_1,cat_1,37.70810283771273,6.16743362157928,0
229,0.45590979809717563,3.3217844350388495,40.84349524226566,15.391284326788574,-41.79858794466704,-12.251090355768305,37.850355164622194,0.48745662234995996,28.227542200021226,-94.73144883520322,cat_3,cat_2,cat_2,cat_2,39.42800743124764,,0
230,0.6472845534403784,9.269237523215065,23.15618228068991,15.49924152209913,-26.81193454541591,-21.984708375849966,32.24613803649062,,106.68961407488804,-68.09588992197875,cat_1,cat_2,cat_2,cat_1,23.645095817991344,-18.447951026349024,1
231,0.02408753382833268,4.099321074924339,,19.073667389001535,-8.269126102274669,-27.071308760537804,20.37838411809435,11.0178194410559,78.25611096427117,-77.37797863416304,cat_1,cat_3,cat_1,cat_2,28.790376050123776,-10.179837024039639,0
234,21.39611559756695,7.614281617672288,22.568780743220604,5.69538229231741,-27.573967769106638,-4.840981153383556,3.785505954410678,30.81393584088347,5.912641024600386,-82.01902299025518,cat_1,cat_0,cat_1,cat_2,24.27680117033544,-16.67781800338289,0
235,6.51843897908773,4.485631902758123,31.70613799274313,0.08943710319103194,-40.78254364641272,-12.376685426995166,-2.697804056565062,1.8133877202672832,43.70400591845826,-77.1089325845345,,cat_2,cat_1,cat_2,30.239453237945217,-38.98154863257016,0
237,15.74690229087378,4.966522714035682,20.48024194332974,6.274439438362771,-46.370787286811456,-6.410919543719309,29.059426336180515,12.623936460727156,,-68.49945899642155,cat_0,cat_0,cat_2,cat_1,,-45.80724800160144,0
240,10.114127163623174,9.73704153777796,23.547783305669448,5.958746865795122,,-7.5412751847610515,13.56541427605205,33.521415147033714,11.311407438008654,-94.39514127316757,,cat_1,cat_1,cat_1,23.018710602227596,-61.29937594003826,1
241,0.7004358178458667,3.5012175884927488,24.20045168063534,20.360956301946228,,-27.51089150983181,10.48858918609746,10.05995392942049,,-80.74105425451967,cat_1,cat_2,cat_0,cat_1,25.171460819594543,-79.04707982279236,1
242,5.252385130284041,5.940602864601163,22.699314418213785,3.0916295119668424,-52.21304200177376,-19.535604486926193,29.82863260866916,0.834121223975651,39.02507502683776,-94.12609522353904,cat_0,cat_1,cat_2,cat_0,22.98129137898955,-59.67510240668572,1
243,2.62243705796685,4.50331036207178,,19.85987993889572,-50.942986628955865,-9.111213575096805,2.9064130715665106,,25.348200112870153,-73.88037998899215,cat_0,cat_1,cat_2,cat_0,25.638731750834058,-51.67705507006503,0
245,0.8624546706786518,14.144615723327789,,0.21851682993606153,-13.60335866810982,,23.565095818404462,3.5709684996698354,85.45446618214886,-74.4184720882492,cat_1,cat_2,cat_2,,33.31110214528307,-4.218228442472931,0
246,4.33810688703323,14.001853174456901,40.38662737978953,2.9901635144704994,-5.729015356638897,-12.188292820154874,4.334939006188282,27.98024587088983,56.30112754974422,-71.25718100511398,cat_1,cat_1,cat_1,cat_1,41.371661687794365,-6.040514735242684,1
249,18.602523324064954,6.254617172341435,32.293539530212435,0.19257586705007224,-62.3734849843169,-17.463285811683,21.587136832005083,1.6863017912039158,128.64459748941502,-91.3683732148466,cat_0,cat_0,cat_1,cat_1,30.33151051636783,-70.53720054543756,0
250,3.8664947134227363,9.623575279505184,,0.8883896396482239,-8.01511502771109,-6.9132998286267515,14.444507158896219,11.603429505884453,-0.20596091059565147,-80.8083157669268,cat_0,cat_1,cat_0,cat_1,25.936092298008706,-17.107550899124416,0
252,1.3536792747834145,3.476669572748259,18.783304168418415,18.34134871288705,-66.9456843264613,-24.11982458670659,-1.159391511587768,,109.20903840114525,-84.37317592450482,cat_0,cat_1,cat_2,cat_0,18.454946587707955,-70.62474453872822,0
253,10.259699505762914,6.769161311744398,26.745858343002332,1.7519281444768435,-21.9857241287079,-21.293935484102235,11.697341900008192,19.65560712674274,58.100716354213645,-86.05471373468313,,cat_1,cat_2,cat_1,27.347040573036388,-21.73486167379009,0
254,11.038887002488515,6.884895681732892,29.22599816787273,,-63.13551820800764,-9.425201253163955,14.8840536003183,6.822562854347372,30.74696652627842,-79.66487005600554,cat_0,cat_2,cat_0,cat_1,27.0369021684834,-59.709905774985266,0
255,4.430333788491417,4.30570426326093,,4.584509692310211,,-7.8552628628282015,-2.038484394431936,34.04211853248731,,-73.27502637732795,cat_1,,cat_1,cat_1,29.643076254439702,6.699390277952414,1
256,16.087859121540095,5.450764114288308,30.205000730321572,13.168746859717448,,-29.143627435780996,37.30092211284459,23.18041814536118,99.85117661790424,-77.04167107212737,,cat_0,cat_1,cat_0,32.32847112648361,-42.365750942115476,1
257,2.209414031544577,,,31.765916102396904,-23.763801650652965,-29.080829900167565,12.7962080035634,0.9817199398577683,104.53010750952474,,cat_3,,cat_1,cat_2,37.982425765781485,-26.212062016924502,0
259,0.26982497785431236,13.48694594624628,17.021099556010498,3.332198190208403,-78.63019375638592,-25.50137037020205,,39.37215737229249,137.64254151176212,-87.93803608208285,cat_0,cat_0,cat_0,cat_0,21.03088904915408,-76.75391427775574,0
260,5.913320090320484,9.371963421158666,33.66414311764082,3.0238785943605078,-38.24243290077694,-26.25494079756321,41.69638652706543,16.609847339461282,141.24171912070096,-76.43631746046319,,cat_2,cat_0,,34.75060888783206,-32.546949006818544,1
261,1.8413101539214851,5.567850995950944,34.64314568008966,20.19130716116112,-84.72645954591181,-30.462375683663026,33.015344308979266,2.0067003572371322,111.36854496650854,-82.42259206469798,cat_1,cat_0,cat_2,cat_2,33.52410570252457,-85.84728334815044,1
264,16.826402532017635,9.169299236435824,43.84576976710878,11.934183072524345,-21.731713054144336,-13.381445996810047,-0.17041201838807885,19.209310334178532,46.22343024471545,-72.06431915399958,cat_1,cat_0,,cat_1,42.35873992287293,-13.548012725953372,0
268,,14.789240245398544,30.335534405314753,8.227610479454974,,,31.696704984713016,23.600777318367108,127.92476196762723,-83.76782231284062,cat_0,cat_0,cat_2,cat_0,32.638771247753056,19.69514844761474,1
269,0.37068766618574045,4.8144714349537905,32.097739017722674,11.25656854901173,7.479560520667192,-25.56416790581548,32.68568447791271,5.8280395382479595,77.89619320337728,-90.22492750392534,cat_2,,cat_2,cat_2,29.02793045986228,15.804939486816801,0
271,7.27719999792186,4.763372100103403,,4.662951669844039,6.463516222412878,-23.24065908811857,-0.39018523909912073,2.919408851889407,101.29084766147977,-85.65114466024033,cat_3,cat_3,cat_2,cat_2,21.49985810953939,11.216142618412213,0
272,0.3537719323538277,10.654638502826712,19.24017203089454,4.901792256328778,-86.75854814242044,-6.78770475739989,14.004960717474134,9.546545768319854,,-95.67311000890308,cat_3,cat_0,cat_2,cat_2,21.80203280013474,,0
273,6.392985811432248,3.880261550198243,28.703863467900014,24.482790192110443,-72.53392796686003,-28.452854544033265,13.345641055341005,2.849249356263404,35.425897417898916,-82.15354601506945,cat_1,cat_0,cat_2,cat_2,34.077260540806655,-70.9766126851266,0
274,4.307643221828034,5.100565040752901,36.99275182996688,14.76548579983478,-46.11677621224787,-16.70971538432184,,2.2033318277334857,36.86556846147445,-88.40886666893277,cat_3,cat_1,cat_1,cat_2,35.5189955895376,-41.275853949371346,0
276,0.2531604680506496,8.619638463974928,18.522236818432056,11.779845784590425,-53.99111952371881,-20.665960127967935,,4.104672456152529,32.546555330747836,-74.88930267509913,cat_0,cat_1,cat_2,cat_1,19.31921161279498,-51.21535836789542,0
278,10.956782832204317,11.504880763226987,26.093189968036437,5.187357718363289,-36.210344304268304,-9.550796324390813,,1.4054116466124478,12.391160720690308,-88.94695876818983,cat_1,cat_0,,cat_1,24.272492377781692,-40.27140344672884,1
279,6.4763609763442105,7.1849814630410265,22.438247068227426,2.0252073598930718,-47.386831585065764,-6.348122008105879,19.719064455961227,2.137412210679587,-2.7253852368528433,-77.7142861961987,cat_1,cat_2,,,21.1775796827322,-34.32467073321298,0
280,2.6461429223303408,5.250702887129289,21.524511343275172,3.1598126552556067,-23.255779501525808,-23.17786155250514,6.093124771876619,5.339637946478139,86.89413722572439,-93.52074161187484,cat_2,cat_2,cat_1,cat_1,18.300751210184867,-22.40205374325285,0
282,4.492527843013004,3.374993725774401,18.000102118459342,0.6965544888583953,-46.624798361375035,-5.092171295837279,-1.2692781219432887,16.844799205826636,12.031242959796426,-81.95176147784805,cat_1,cat_1,cat_1,cat_1,,-50.123902326935976,1
283,6.22927054627604,4.780432308365146,17.543234255983215,11.552439940418347,-85.74250384416612,-5.9713367944253015,23.45520920804894,,-3.4452207586406116,-93.78978766150337,cat_1,cat_2,cat_2,cat_1,18.813420489179613,-92.65381411379897,0
284,13.625632212899205,6.470551761757095,39.08129062985775,9.510504338791087,-3.950937834693832,-18.593641452724743,12.246774951785797,7.2253648698709405,82.57512409499779,-85.987452222276,cat_3,cat_1,cat_1,cat_2,39.779374485789056,-2.3689435204843727,0
288,0.7719632744239361,4.19443231744658,18.326436305942288,12.090781792993685,-58.055296716736066,-23.429051694958858,36.64160245071147,10.735872850969361,62.77964724583414,-92.24277287613933,cat_1,cat_2,cat_1,cat_1,12.303794844242784,-63.78178560333541,0
290,2.8633378391397506,10.187354869012136,34.708412517586254,6.459112222378254,18.402036726901073,-6.599312150559598,35.54273634715625,6.433446813131659,0.1539568502982327,-76.77262502249884,cat_0,cat_0,cat_2,cat_1,34.59951350421515,,0
291,0.6649550583963392,15.375109101413685,18.587503655928646,5.566094367391104,-61.61145176062617,-22.989468945664846,32.46591125720167,1.3746226446121708,104.17018974863086,-91.1665886776252,cat_0,cat_2,cat_0,cat_0,17.769353988886177,-56.349082008358266,0
292,4.9782522578880375,,36.9274849924703,7.796814773430398,-51.45100877808302,-10.367164287365405,14.554393769251739,4.143762944087057,23.548611308400723,-72.46788822844236,cat_0,cat_1,cat_2,cat_0,37.34854032104654,,0
293,,3.838644889758387,28.051195092934122,3.507409843102455,3.9234054767770914,-6.850502293013321,-0.2802986287436,7.803416530214727,9.151900872645346,-88.0725591068971,cat_1,cat_1,cat_2,cat_1,27.613513809520587,-0.895547715957715,0
294,3.4524836468500526,9.975477341251276,26.158456805533028,54.763243595327516,-35.194300006014,-22.487088660757408,34.99330329537865,12.380235738313486,110.64870944472078,-90.9648041404038,cat_1,cat_0,cat_1,cat_1,28.692308270590466,-38.56168884224729,0
295,18.35314449882748,,30.466068080307934,1.8422470323688473,-43.57666546661209,-9.362403717550524,,27.67067292177495,34.34614413521726,,cat_0,cat_0,cat_2,cat_0,30.179196198157648,-45.954190095749276,1
296,0.4730844465011405,11.196769019004025,33.01147474267492,4.821584214125157,-65.929640028207,-14.88858685153237,8.290856978987039,23.388669370561825,28.947377721808998,-69.17207412049287,cat_0,cat_2,cat_0,cat_0,34.44843637043739,-76.35498672631311,1
297,8.989442467483993,3.6650350597185994,21.589778180771763,1.6921368195153406,-46.87880943593861,-21.733518233396246,19.938837676672268,12.957152742604938,117.84706466259847,-85.71840617264746,cat_2,cat_2,cat_2,cat_2,21.827802181051183,-41.29862946299344,0
299,11.465134297659748,2.618897068130223,39.799225842320226,37.56209994863685,-10.04720362421972,-11.874305142087728,0.15924781267848465,34.58762647955101,39.38499278773164,-71.66075007955678,cat_0,cat_0,cat_2,cat_1,39.67877282233413,,0
301,10.40848917529498,5.133969875836283,28.11646193043071,0.5884608093068098,,-17.274893204842712,26.42214768764801,16.494154417923927,98.7714233352226,-67.89410538475735,cat_0,cat_0,cat_0,cat_0,26.006165278085906,-76.36952169500977,1
302,7.468884362762624,,30.857669105287467,0.9995757811619008,-37.226388602522626,-16.45852524186812,,22.975885891488584,,-68.43219748401441,cat_0,cat_1,,cat_0,29.398462552724055,-41.954695226961334,0
303,10.875667892869743,3.0555957666808506,27.724860905451173,31.28002918437893,-9.79319254965614,-7.666870255987913,38.72944804746636,7.276725950768593,,-87.60172852004717,,cat_0,cat_2,,30.84946401422669,-5.41437992137261,0
304,5.322698652154858,9.136576222177448,36.79695131747711,20.708553489793076,-36.71836645339547,-13.067458318742897,22.466229714849252,3.8728904786625846,52.34203217991149,-76.30179443564892,cat_0,,cat_0,,40.07890289719692,-39.58956827423132,1
305,3.615045875171289,8.371417022416528,21.78557869326153,14.367759108226238,-73.54997226511435,-7.792465327214771,2.356980019788905,3.061030462706718,10.951489677114772,-73.14050335251369,cat_0,cat_1,cat_1,cat_1,22.808976381934023,-71.59852356504072,0
306,0.8989945624003427,,23.743583818159216,4.238475715152425,-30.62210066386958,-6.096931865652159,13.015981224274444,20.604024697526132,23.188693547506844,-91.03206565281094,cat_1,cat_2,cat_0,cat_1,23.29594241121966,-32.44298440173066,0
307,7.767049332808904,8.037581086080213,18.718037330921824,2.400801083623394,-59.32535208955396,-7.10169243546704,35.872396178222814,2.0718698181056032,3.753134459237078,-81.07736181655532,cat_1,cat_2,,cat_1,17.68580139466081,-56.691175340356104,1
308,2.1871946763161363,3.9212678571354007,36.01374926751804,3.9768762908850905,17.894014577773916,-26.003750655109492,-0.9396182908767261,1.2219070241727619,99.49125885701037,,cat_3,cat_1,cat_2,cat_1,,10.305735507764176,1
311,1.7160514985312223,6.044151947216908,26.550057830512564,6.790172762945263,-47.89485373419292,-27.44809397421838,5.104145278676931,5.514838331607871,85.09454842125498,-70.11373529419274,cat_3,cat_3,cat_1,cat_2,25.74516677034868,-40.067814501698585,0
314,30.539625624120134,11.636641976294804,42.4751661796804,3.721527284100055,-39.512488273594826,,34.22409702289,6.773194235468386,,-73.54407242695649,cat_3,cat_0,cat_2,cat_2,41.23843995424993,-55.81446665857152,1
315,3.7816306671984163,7.042899003500307,28.57332979290684,,-2.1728603127487958,-24.93619254968118,31.476931764001975,10.8759785961395,,-89.2832663302255,cat_3,cat_2,cat_1,cat_2,27.74448511381327,-7.417093414967037,0
316,13.50540654442907,5.0001108071367995,20.153907755846795,33.96599522752247,-66.69167325189773,-21.545125626555958,27.411127180847696,26.23711663278471,118.56690018438624,-83.96960685006202,cat_1,cat_0,cat_2,,17.09989419260656,-73.94895764543746,0
320,1.572802296001586,6.272386194720931,24.461519030621698,7.131816921602517,-41.0365547209763,-19.598402022539624,32.02636481577958,16.153926376981044,125.40533764137004,-83.16246870117644,cat_1,cat_1,cat_0,cat_2,22.05666016980399,-42.63978891055685,1
322,2.055396825743422,,41.03929575475543,4.545503548787365,-22.493746277835072,-14.51180163785179,17.411445638495284,4.623560922322216,49.8226078536543,-74.48573360065635,cat_0,,cat_0,cat_1,,-22.28476745404943,1
325,1.084729335405396,5.467464463317564,20.088640918350205,5.1460925263201664,-28.336000992797373,-6.034134330038729,24.993621753026236,0.20637498605369717,-6.684480606685573,-94.52966429798182,cat_3,cat_2,cat_1,cat_2,20.833413638715363,-26.7024114126769,0
327,4.878263412239465,5.11727145929083,36.14428294251122,2.7570897911648062,-28.081989918233795,-15.32816960082638,17.521332248850804,3.6457061341716552,17.43000937320469,-93.04991102502491,cat_3,cat_0,cat_1,cat_2,38.0155216916857,-33.08363325710024,0
328,5.4655678547677455,8.56312659702711,25.63632210556031,3.7938637461041065,-75.3280497870594,-10.681151965432555,40.37774720279918,1.9096362013440582,11.671325198902537,-74.08216452621355,cat_0,cat_0,cat_2,cat_0,24.008392545847286,-83.18327201124926,0
329,0.8261120262965777,15.167708702872803,38.363355417395255,2.8231652502320173,9.003626968048664,,37.08114889213355,1.5919042636158758,82.93504185589167,-95.13501790964602,cat_3,cat_0,cat_0,cat_1,39.61144226089243,16.082930509997883,1
331,0.7540100410562326,4.396430602475802,24.39625219312511,7.033084843369553,-34.43226678232326,,19.609177845605704,25.97074411903267,109.56895616203913,-86.1892367594974,cat_1,cat_2,cat_1,cat_1,22.304348935219018,-32.437048699001835,0
332,0.9726747344342175,5.601399537735241,24.265718518131933,8.56249964614569,-73.29596119055077,-26.380535868790073,,4.501714008832321,126.48509092405172,-79.26130098156275,cat_0,cat_0,cat_2,cat_0,,-80.80607476960822,0
333,1.9904529923422276,4.865343766146242,,10.41513710050286,13.829837384756658,-11.309127321566855,-1.598937953009852,2.6757081294757374,112.08838048829632,-87.13089793319725,cat_0,cat_1,cat_2,cat_0,41.50323512864482,13.196632005605167,0
334,6.954349035218717,8.535170453199045,32.35880636770903,,-81.93233772571244,-12.502280498222028,35.76250956786729,4.42119696829933,21.749022503931304,-94.79871034761037,cat_0,cat_2,cat_1,cat_1,32.65119852128283,-89.51328499952321,0
336,7.324611873606663,12.94129343909109,,51.16713887421312,-31.13012281299674,,42.68536602026512,1.161386398036432,42.62425263577661,-70.85361193067118,,,cat_2,cat_0,28.20949539646033,-31.234876789697527,0
337,23.14326395749694,13.60813798239219,27.529060392961405,0.2967196529620522,-69.99381722122425,-29.583210185075004,20.598157338805397,47.743378801279505,118.20698242349236,-75.09108721232053,cat_0,cat_0,cat_1,cat_0,25.001752239570592,-66.90054002164226,0
338,4.682633420075476,10.366702217494561,26.354257318022796,,-27.31995669454306,-18.907629130791893,9.060063251475686,,50.90236113633595,-85.31483709820468,cat_0,cat_0,cat_0,cat_0,28.007517199073828,-21.72088057111482,0
339,,2.1335250031126543,27.333259880471637,2.305657979379675,-17.4135247865635,-23.49184923057229,34.33398363324552,5.470786347122634,111.72846272740243,-95.26954093446028,cat_1,cat_1,cat_2,,24.50073524061667,-15.349970930257605,0
340,1.2178613844445583,6.308040829558627,38.820223279871385,35.26306019553897,-29.606056365615274,-14.762991780305509,1.6976603576557787,,,-71.12265798029972,cat_0,cat_1,cat_1,cat_0,39.136042743824135,-37.49520589355865,0
341,8.518860854376562,5.317353742679653,19.43597254338431,7.9563352193039565,-72.02590581773288,-21.168340412875374,2.2470934094333836,5.692760384740872,94.45241020449598,,cat_1,cat_1,cat_1,cat_1,18.484924162210604,-74.87977131443964,1
342,0.8806998268946059,10.861119590562652,23.02564860569673,24.7372705826476,-43.83067654117566,-22.675481267597696,38.3997882163998,17.084671886143532,132.96361062014162,-93.45348009946771,cat_0,cat_2,cat_0,cat_1,25.326885198590087,-42.831402645424085,0
343,,6.131257553729903,31.901938505232902,33.37208291518389,-33.416222484068946,-20.037984771833635,16.202692924584554,,85.81438394304274,-95.80763303371735,cat_1,cat_1,cat_0,cat_1,32.38175742711687,-27.004536550014127,1
344,1.8624150568574744,7.774169429179258,28.44279611791366,1.9638719177398551,,-25.12458515652147,-2.47803083585402,13.041993884961894,,-88.4761281813399,cat_1,cat_1,cat_2,cat_2,,-14.646531083745842,0
347,1.2563877186101597,11.081102435178513,30.922935942784058,1.4271396542431745,-42.05259901923062,,30.378065660446765,1.3132918322181497,,-86.72732885875446,cat_0,cat_2,cat_0,,32.45708465987369,-45.01622072485838,0
348,28.06393379394438,5.41738363647347,24.592052705614876,13.890551651825925,-85.9965149187297,-27.636486581058673,2.6866398508554683,0.15097704566273099,80.41561752963449,-75.0238256999134,cat_1,cat_0,,cat_2,24.809976226302172,-76.44722525023512,0
350,,9.337400615935854,27.202726205478456,,-20.71566875589002,-7.352882577920759,32.136251426135104,22.38333124920572,,-73.00598032769943,,cat_0,cat_1,cat_2,26.064099122238023,-8.186503163101843,0
351,3.5332741186243743,4.712014774780354,25.50578843056713,25.265164124216373,-7.7611039531475114,-6.15972940126559,13.455527665696525,3.0254605526061242,2.6733811765554254,-85.1803140733904,cat_1,,cat_1,cat_2,28.58707709723044,-8.945083316995891,1
352,6.603392264320616,4.041039775186407,,19.381247507130873,,-20.854352734808224,22.576116325204772,18.36572659833279,53.061867701699256,-69.91195075697132,cat_0,cat_1,cat_2,,29.799886302794146,14.09497398439927,0
353,6.5607816250971664,5.551094583372893,19.631773055874078,21.824802362489223,-70.24782829578783,-24.18262212232002,25.103508363381756,46.10437302434491,128.28467972852113,-83.02794567636217,cat_0,cat_2,cat_1,cat_0,17.31153004518422,-73.62551393084071,0
354,0.935733854245281,2.9532811311201232,31.118736455273826,1.2254794930107633,-1.918849238185203,-6.536514614946167,15.323600041740384,3.386230593946206,13.110996242478073,-90.29218901633249,cat_1,cat_2,cat_2,cat_1,32.92080490590248,-4.626061032191649,0
358,8.691497454916929,3.9008381869989655,37.12328550496006,28.753583587108977,-24.017812725216537,-14.57459917346522,25.323281584092797,2.5728316727331757,81.85528857321002,-71.5262270547425,cat_3,cat_0,cat_1,,37.83396806325278,-29.316327151883623,1
360,2.9621646929252017,7.9641521896184075,27.13745936798187,,-85.48849276960254,-9.613593860004244,1.8075469680112999,6.481369484915677,69.97800246371183,-74.35121057584207,cat_0,cat_2,cat_1,cat_0,31.100496598255944,-82.19304219810262,0
361,11.643487999871184,7.591886538905154,41.104562592252016,14.867273916470731,-26.55792347085233,-16.332930170641262,18.180651910983933,10.528876219723136,89.77347931287548,,cat_3,cat_1,cat_2,cat_2,36.99246713444513,-30.141186882672084,0
362,6.9995334902140405,5.855031030280725,21.002376643302455,15.608300340464453,-62.62749605888048,-20.540365056741074,,7.911724683374491,46.943265766503224,-77.31071712175591,cat_0,cat_2,cat_2,cat_1,18.87588735119359,-65.63735843437772,0
364,2.2317069609311813,,26.87639201799551,2.1178756120829463,-80.40827127833097,-17.902868560977012,28.180333453336345,15.82351398799439,93.73257468270822,-69.23933563290001,cat_0,cat_0,cat_2,cat_0,27.55029502411317,-81.02177748337054,0
365,5.760736595739473,3.7316059023179045,27.659594067954586,1.1969790188894067,-45.86276513768429,-19.912389700606774,,8.131462873410097,77.17635768158952,-80.6065312297054,,cat_0,cat_2,cat_0,26.371432728667127,-59.87629940275597,0
368,,5.517614156416694,27.006925692988688,10.688319294627288,-3.1889046110031103,-20.414769985514212,4.884372057965889,5.081762096206948,83.65487737767945,-82.82616113914077,cat_1,cat_1,cat_2,cat_1,24.820536810745427,-13.850143820828949,0
369,1.3929930129095212,,29.4217986803625,39.425531668738806,-41.29056579553988,-28.076069330352684,40.597520423510225,4.582801086255793,53.42178546259314,-83.2969917259907,cat_3,cat_2,cat_2,cat_2,30.440599463391056,-36.2838938137086,0
370,11.291383789353226,13.148590769354675,25.244721080580774,25.820492743162582,-69.73980614666067,-15.390967136439809,15.103826821029344,8.75842794219746,87.97389050840604,-84.84400651135475,cat_3,cat_3,cat_1,cat_2,27.124306315327356,-62.71761895175778,1
371,17.228459802688302,12.305446294374107,20.284441430839973,10.82757431304528,,-4.9037786889969865,3.016299681922031,18.92115672491994,14.550667286053617,-84.77674499894762,cat_1,cat_0,cat_2,cat_1,21.491513129161152,-36.00627551387728,0
372,2.5752742834965376,6.0095232062849115,23.2214491181865,18.77469204884382,-20.207646606762864,-20.603162592354508,22.35634310449373,1.1312455863081374,119.64665346706789,-82.89342265154791,cat_1,cat_1,cat_2,cat_1,23.715690142471406,-22.339627410619517,0
375,9.23767182054465,10.91477783405205,21.459244505778585,0.24452090958226907,-76.34409408531371,,0.4889076437450477,5.603453874985876,80.0556997687406,-71.9297961291853,,cat_2,cat_1,cat_2,,-79.07200203757431,0
376,7.230119676527079,9.442086973343683,33.20727525516469,1.5147440091724802,7.987582669794364,-18.844831595178462,24.554075311604148,24.724570362804062,22.828775786612958,-81.48093089099812,cat_0,cat_1,cat_1,cat_0,31.89937770764904,7.371985815458292,0
377,0.04019390161368924,5.083849783240027,36.60115080498734,8.33807835140995,-42.30661009379419,-16.52132277748155,36.20205600928938,0.8929326592122175,64.57923605030356,,cat_0,cat_1,cat_2,cat_0,37.42740141619323,-44.0298269422292,1
378,14.261241497796613,4.882255861561866,19.762306730867255,5.914399617676695,-22.74775735239865,-21.105542877261946,,30.037129608454435,105.24994303131251,-79.59760854359841,cat_0,cat_0,cat_2,cat_1,17.399329428444553,,0
381,3.5062360962462265,10.101051297206586,30.792402267790877,,13.3218152356295,-5.908539258811871,21.36736361129404,16.96410759555561,13.830831764265845,,cat_1,cat_2,cat_2,cat_1,30.457633485656945,11.510515968342235,0
382,5.723124997787681,8.012965383302154,25.897389455546666,,-19.953635532199286,-5.594551580744717,-2.5879174462095413,37.07377519119367,4.472969981024848,-69.71016621974994,cat_3,cat_1,cat_2,cat_2,24.87674567418604,-21.30217906650396,0
383,2.1650484112040305,13.370159890416842,42.99730087965311,,-1.4108270890580457,-13.004660783129466,34.66364346431208,3.533781772694924,47.66310128829099,-79.12677795674848,cat_3,cat_2,cat_1,cat_2,,-4.758156012222161,0
384,12.208781438902534,11.316599964741952,35.88321559252486,6.935256503931177,-15.635447264618449,-13.695433674877197,2.7965264612109886,4.5421857889186,41.54449935309495,-78.79047039471283,cat_3,,cat_1,cat_2,36.809792534209755,-25.52277485747639,0
385,13.044888022800627,4.287352774290188,38.88549011736798,12.657685128644976,8.7496158934851,-27.19690383176466,,1.7179413191885191,102.01068318326755,-90.42671204114674,cat_3,cat_2,cat_2,cat_2,39.70584854938629,10.716678030730456,0
386,2.987099752996656,,34.3820783301033,8.28270169144837,-11.571270071601191,-27.887676723512392,5.2140318890324515,2.814330116267412,91.21315035645101,-69.97921226937846,cat_1,cat_1,cat_1,cat_1,36.208765192028466,-14.305828924544414,0
387,2.838856144805273,7.083111635077029,31.184003292770416,0.4283428862717544,,-7.2272875066939015,0.37902103338952653,35.7633760226724,19.94943369946188,-84.91126802376188,cat_3,cat_1,,cat_2,31.975876314185726,-23.20386106238095,0
388,0.21995468668747964,2.5668912648100406,38.62442276738162,6.3663769641040915,-64.40557358082553,-14.135016424171209,24.883735142670716,5.964935612338299,108.1292851184636,-78.92499341952708,cat_3,cat_1,cat_1,,36.60990581965326,-64.00395588854602,0
389,6.86487983117345,7.915882285741936,17.282166905996856,3.262909963984525,-51.7050198526466,-5.53175404513129,,1.7496684914068965,-5.244809563110035,-91.63741926447513,cat_3,cat_0,cat_1,cat_2,17.660530843999084,-52.86973395652445,1
392,3.138681207237466,4.899147035415648,26.81112518049892,4.429332063018985,-86.50453706785686,-15.516562207666668,42.5754794099096,11.830990008122235,38.30523950505,-89.75409691707542,cat_0,cat_2,cat_1,cat_0,25.101079398756923,-87.00202673489788,1
393,2.2765155025322907,6.963344220911941,17.93483528096275,14.078885537688311,-48.40287588332008,-24.30821719354688,18.400425131694973,0.804828364410243,,-95.33680244686742,cat_1,cat_2,cat_1,cat_2,21.285250330624983,-49.7485875342148,0
394,9.695393773833764,6.618161961213533,24.52678586811829,1.083731109369199,-29.352045291051695,-5.720146651971579,17.191672417784243,24.49081731388244,-2.3654674759589582,-78.85773190711996,cat_1,cat_2,cat_1,cat_1,27.030209229790685,-26.080371082372825,0
397,,,29.878666542838626,13.081854743194487,0.36725043288699055,-20.791555199194796,3.675619344055158,2.6413132031866504,57.38088083242587,-92.51181892576786,,cat_1,cat_1,cat_2,28.035040451931135,-5.034346024291194,0
398,1.7367667718693491,6.236886081878089,22.177179718241067,7.849724146150208,-56.78524134391817,-20.917150270421658,21.477250221649562,5.426903144600891,102.37060094416144,-68.90302807086434,cat_1,cat_1,cat_1,cat_1,25.420582694849934,-49.46770602746891,0
399,4.039501026128121,1.5739391749940874,20.67604245581951,8.010042224090265,-51.19699770351944,-24.87339501406775,-0.5000718494546419,11.98524825698908,97.33175229164705,-80.20296215526261,cat_1,cat_0,cat_2,cat_1,20.25666942200849,-47.381641075245845,1
401,2.1209732389046967,,27.463793555464818,0.27058841387578697,-71.00986151947856,-29.771602791915296,14.114847327829654,2.9546504238378,64.21931828940969,-76.50357897287032,,cat_2,cat_2,cat_2,23.980610966727035,-71.88174110222545,0
402,7.616316353310644,,,7.082336872752427,-3.6969267601302533,-4.966576224610417,18.510311742050494,8.876202777864894,-8.484069411154994,-94.4624027855747,cat_0,cat_0,cat_2,cat_1,23.827369417688693,-8.860914394039298,1
404,20.010225180705632,7.352247769430753,17.347433743493447,13.614130947785178,-79.64623805464024,-8.232048076508782,35.32296312644521,2.5047571671525333,22.468858025719072,-76.83988653490599,cat_0,cat_0,cat_1,cat_0,17.428170533780314,-72.71845416527653,0
405,3.4257675065405637,19.58609911746463,36.666417642483935,3.578306762859692,-61.35744068606259,-16.58412031309498,40.70740703386574,8.02106682021492,115.68755809723515,-90.49397355355389,cat_3,cat_2,cat_1,cat_2,37.31644437217255,-52.306595951641434,0
406,14.673561664545021,10.231325753876588,20.219174593343382,1.16855434399083,-58.8173299404268,-6.47371707933274,-1.489051342654331,1.0712008781622846,3.0332989374493096,-79.93391610563407,cat_1,cat_0,cat_0,cat_1,20.647138110050232,-65.27852172879595,0
407,4.618666587103272,,21.132910318295636,4.1255767273455435,-28.590012067360952,-21.859113304623108,,14.30089919649973,95.89208124807152,-68.16315143438588,cat_1,cat_3,,cat_1,23.42771604050035,-26.108199184333237,0
408,6.9094658121622015,9.040093644437794,31.510337480253362,24.234228490060183,-51.95903092721018,-28.704044686486984,22.02668327342717,,89.05364379108771,-86.32375978431166,cat_3,cat_0,cat_2,cat_2,28.538281414746283,-47.6938119080185,1
411,0.5422245511857205,16.37160397434819,24.918386893097825,4.86161299298454,-35.702322155141154,-26.06654819072292,26.092487856581442,13.213585136968119,130.44418629388443,-68.63398202123581,cat_0,cat_0,cat_2,cat_0,24.73009646238606,-36.72609036628961,1
412,,7.569598084586961,35.94848243002144,8.172801787738944,-25.28786809803443,,29.38908616724708,0.45903600765068214,9.511818633539232,-74.28394906343495,cat_0,,cat_1,cat_0,35.58217269359695,-32.30545318039645,0
413,17.65606117238608,6.525534629881802,19.827573568363846,15.17858732772943,-53.22908630002807,-7.038894899853609,15.543373262451425,,,-84.57496046172622,cat_0,cat_0,,cat_2,22.175921138197896,-58.54518941826703,1
414,17.438866255576674,2.4511043017325633,38.55915592988502,6.047997250523164,-52.721064150900915,-30.148388005595876,6.312897992587661,13.744344275347641,51.262278897229834,-78.99225493193421,cat_1,cat_0,cat_1,cat_1,32.779317320732474,-47.28161954832714,1
415,12.825926983598277,5.334017901822037,18.13063579345252,12.33006801478108,-69.48579507209709,-21.231137948488808,22.795889545915813,9.736387161639081,64.93915381119744,-95.00049488483175,cat_0,,cat_1,cat_0,17.937346994748445,-70.57416353435362,1
417,4.068772631036585,5.284028635064769,,5.104986046946191,-2.680882461875953,-6.285324472492448,3.4558461233441147,8.584005761512858,33.626308613429494,-88.6779127185613,cat_1,cat_1,cat_1,cat_1,29.402773241435177,-6.236720509226107,0
418,2.1429747569275155,11.991201905761837,17.80430160596957,,-74.82002763793224,-22.361493589530546,5.653578330454534,2.0392387366409412,131.88385733745997,-91.43563472725373,cat_1,cat_2,cat_0,cat_1,19.75187960791265,-71.11716695826438,0
